score,attempts,timeSpentSeconds,correct,total,status
96,3,558,35,38,mastered
85,7,1232,10,11,mastered
39,1,158,10,24,weak
87,1,148,24,26,mastered
75,8,1312,9,13,developing
41,1,185,7,17,weak
44,5,1175,8,16,weak
39,2,496,9,22,weak
74,6,1428,8,10,developing
74,7,1365,18,23,developing
100,7,1834,24,24,mastered
69,2,532,15,21,developing
95,8,736,34,35,mastered
62,2,262,7,11,developing
95,1,147,33,34,mastered
46,8,1424,9,19,weak
89,4,668,26,29,mastered
80,4,1112,28,35,developing
43,7,1372,12,27,weak
71,2,192,18,25,developing
69,9,1080,15,23,developing
61,2,486,7,10,developing
59,4,1136,9,14,weak
68,4,672,11,17,developing
56,5,1240,7,14,weak
82,5,1355,29,36,developing
66,7,1974,7,11,developing
49,2,186,9,17,weak
73,8,664,15,19,developing
62,9,2655,15,24,developing
78,2,250,21,28,developing
83,4,1196,23,28,developing
94,8,1744,18,19,mastered
79,8,856,26,35,developing
45,4,1024,6,13,weak
62,8,1440,21,33,developing
72,6,1446,19,26,developing
79,3,249,17,20,developing
83,4,516,27,33,developing
86,6,1350,31,35,mastered
27,9,1755,10,31,weak
29,8,1432,5,16,weak
63,8,1984,17,28,weak
93,5,1475,33,36,mastered
66,6,1716,22,35,developing
45,6,1392,13,26,weak
60,1,298,14,24,developing
100,5,560,30,31,mastered
85,2,366,11,12,mastered
76,7,1820,9,11,developing
100,7,1057,30,31,mastered
81,8,1304,25,31,developing
53,4,972,7,15,weak
54,2,556,18,31,weak
92,6,552,25,26,mastered
82,1,118,33,38,developing
77,8,2040,15,20,developing
21,2,454,3,15,weak
35,5,1390,15,36,weak
41,4,332,5,11,weak
51,9,1467,13,23,weak
64,3,282,16,23,developing
100,1,83,27,28,mastered
60,8,1536,15,25,developing
44,5,1480,8,16,weak
75,1,209,27,36,developing
41,6,1200,12,29,weak
90,4,772,13,15,mastered
37,1,108,12,35,weak
61,9,2358,18,30,weak
77,8,1248,27,35,developing
83,4,1084,13,15,developing
72,3,306,9,12,developing
78,4,804,20,27,developing
65,1,171,19,28,developing
63,8,1208,13,19,developing
52,5,705,12,23,weak
56,5,595,13,25,weak
72,1,259,8,12,developing
99,1,279,23,23,mastered
83,9,2430,13,16,developing
76,4,764,22,28,developing
70,4,320,22,29,developing
85,5,490,28,33,mastered
70,9,2466,20,29,developing
49,8,1208,13,25,weak
36,8,2008,12,34,weak
32,4,516,11,30,weak
56,8,2232,6,12,weak
93,5,1380,22,23,mastered
85,8,1824,15,17,mastered
56,6,528,16,31,weak
69,6,1722,19,27,developing
48,6,1626,14,29,weak
70,7,1148,15,21,developing
80,3,876,28,36,developing
66,1,261,25,39,developing
60,1,239,17,30,weak
74,1,86,27,37,developing
57,9,2484,21,34,weak
54,2,250,10,19,weak
71,5,950,27,39,developing
55,3,342,7,13,weak
22,8,1224,9,39,weak
72,7,1127,11,15,developing
68,4,1100,12,18,developing
94,7,1729,32,33,mastered
92,2,236,30,32,mastered
67,1,213,25,36,developing
57,4,796,11,18,weak
100,2,214,17,17,mastered
76,8,2232,27,35,developing
79,6,606,9,11,developing
71,1,203,19,25,developing
77,3,831,16,19,developing
60,1,235,22,39,weak
27,4,376,9,33,weak
89,1,256,24,27,mastered
41,8,1648,10,25,weak
72,7,1162,12,17,developing
62,2,194,20,30,developing
72,7,1834,19,25,developing
87,7,2058,16,17,mastered
66,4,716,21,33,developing
78,1,231,10,13,developing
79,9,990,30,37,developing
86,9,2511,19,23,developing
82,2,374,18,22,developing
53,2,340,20,34,weak
77,8,2168,23,31,developing
42,9,2637,7,15,weak
88,4,448,29,34,mastered
62,1,226,15,24,developing
67,2,326,20,28,developing
100,7,1855,24,25,mastered
75,5,1200,13,18,developing
38,8,720,10,24,weak
48,6,1182,9,18,weak
44,9,1449,17,36,weak
45,3,861,9,17,weak
72,7,1022,9,12,developing
67,5,755,27,37,developing
54,4,516,21,37,weak
87,1,125,26,30,mastered
96,5,1105,38,39,mastered
59,4,368,20,35,weak
67,5,610,25,35,developing
48,2,438,14,28,weak
45,1,284,10,21,weak
82,5,1245,22,27,developing
67,1,124,23,37,developing
97,6,1374,32,33,mastered
95,5,970,23,23,mastered
94,1,107,32,33,mastered
98,2,270,10,10,mastered
81,4,716,19,24,developing
66,6,1188,14,21,developing
65,1,139,27,38,developing
60,6,1278,15,25,developing
58,7,1792,8,13,weak
97,1,150,12,12,mastered
100,2,454,15,15,mastered
66,1,223,13,18,developing
77,5,1270,17,20,developing
19,9,2052,3,13,weak
36,1,208,14,37,weak
89,9,1971,20,21,mastered
63,5,650,15,22,developing
82,5,805,9,11,developing
47,3,696,9,21,weak
91,9,1764,20,21,mastered
41,4,888,7,16,weak
47,7,1302,6,12,weak
78,5,620,13,16,developing
100,2,528,29,30,mastered
94,7,1960,23,24,mastered
41,7,1722,16,37,weak
50,3,288,8,14,weak
76,6,570,15,20,developing
33,6,666,11,31,weak
30,9,1467,6,22,weak
97,9,2691,29,31,mastered
68,2,480,10,14,developing
78,7,1764,19,25,developing
83,5,1105,29,36,developing
43,7,1540,5,12,weak
42,5,1125,17,38,weak
77,4,552,16,22,developing
59,2,326,10,15,weak
77,8,1448,12,16,developing
64,3,759,12,18,developing
46,3,354,13,27,weak
56,4,980,12,21,weak
62,5,815,22,35,developing
95,5,1005,10,11,mastered
69,9,1827,19,28,developing
81,2,292,26,32,developing
63,6,1032,12,18,developing
84,6,1608,9,10,developing
56,6,1728,6,10,weak
100,3,315,12,12,mastered
59,6,1632,23,37,weak
63,6,1242,23,35,developing
82,6,1584,31,37,developing
100,3,774,18,18,mastered
86,9,2637,9,10,mastered
52,8,2240,14,27,weak
86,1,200,23,26,mastered
71,6,594,13,18,developing
77,2,170,20,24,developing
64,9,2322,10,14,developing
35,3,765,8,24,weak
56,6,1020,8,14,weak
70,5,1075,17,23,developing
36,3,780,14,35,weak
89,9,2187,16,18,mastered
96,8,1632,34,35,mastered
87,1,154,29,34,mastered
87,9,738,31,35,mastered
77,5,1210,17,23,developing
64,6,1062,13,20,developing
75,7,1694,9,12,developing
70,5,1095,13,19,developing
49,6,996,14,32,weak
80,6,702,31,37,developing
72,5,885,13,17,developing
16,8,1104,7,34,weak
94,3,408,14,15,mastered
95,8,1320,18,19,mastered
46,9,2340,11,22,weak
61,2,540,24,38,developing
72,8,2080,9,13,developing
60,7,1260,22,38,weak
97,9,2286,28,29,mastered
71,6,1728,22,32,developing
88,1,145,23,26,mastered
98,8,2376,9,10,mastered
38,8,728,16,38,weak
20,9,2268,3,13,weak
44,6,600,6,12,weak
72,1,188,15,21,developing
59,8,2256,22,35,weak
86,2,238,14,15,mastered
37,4,544,5,13,weak
48,9,2331,16,35,weak
73,2,522,14,19,developing
70,1,107,17,24,developing
56,1,166,16,31,weak
100,8,1752,11,11,mastered
60,2,536,21,36,weak
64,2,312,8,12,developing
61,7,1575,18,28,developing
78,7,1141,29,38,developing
86,4,412,14,15,mastered
49,8,672,12,26,weak
57,7,2065,14,23,weak
61,4,320,15,24,developing
55,4,696,21,39,weak
98,4,560,31,32,mastered
54,5,1005,12,22,weak
69,3,648,15,21,developing
60,1,116,7,11,developing
67,5,1045,7,11,developing
79,8,1312,9,12,developing
70,3,780,16,24,developing
66,4,368,28,39,developing
47,4,568,20,37,weak
96,3,786,23,23,mastered
77,8,1408,14,19,developing
81,2,406,29,35,developing
38,7,1869,5,14,weak
83,6,1530,18,22,developing
70,3,597,10,14,developing
49,3,753,11,20,weak
80,1,253,10,13,developing
100,5,645,12,12,mastered
53,3,876,11,20,weak
80,8,2304,28,36,developing
77,3,594,29,36,developing
93,9,1809,22,22,mastered
71,2,382,15,21,developing
46,4,540,17,34,weak
49,1,264,11,23,weak
77,1,213,9,11,developing
66,3,555,7,11,developing
94,2,230,30,32,mastered
70,1,274,12,17,developing
27,1,291,5,20,weak
68,7,1610,23,33,developing
43,4,516,10,24,weak
86,4,1104,29,32,mastered
57,9,2115,16,26,weak
77,2,394,12,15,developing
55,3,246,20,35,weak
54,2,518,12,20,weak
66,5,1460,25,39,developing
66,3,630,21,30,developing
83,1,101,24,30,developing
64,1,118,24,38,developing
60,8,1456,18,28,developing
28,6,1596,7,23,weak
63,6,744,23,36,developing
57,5,1415,20,36,weak
88,8,824,34,36,mastered
75,2,576,12,17,developing
55,3,810,18,32,weak
79,9,1494,15,20,developing
97,2,298,25,26,mastered
71,3,282,10,15,developing
86,4,1136,27,31,mastered
100,7,777,12,12,mastered
38,2,212,7,17,weak
77,1,231,28,36,developing
100,8,824,23,23,mastered
60,3,252,14,24,weak
64,6,1284,25,39,developing
53,2,348,11,18,weak
95,6,876,38,39,mastered
76,5,1170,23,30,developing
49,5,790,11,21,weak
88,7,1589,28,33,developing
53,1,114,18,36,weak
57,1,285,18,31,weak
100,3,324,18,18,mastered
88,2,230,15,17,mastered
88,7,1218,11,13,mastered
80,4,576,14,18,developing
71,3,870,15,20,developing
86,6,618,31,35,mastered
74,4,996,21,29,developing
66,2,446,26,38,developing
54,6,1626,12,21,weak
58,1,260,18,30,weak
84,7,882,25,29,developing
70,3,867,13,17,developing
91,1,239,16,17,mastered
80,4,1124,11,15,developing
66,8,1440,23,36,developing
82,9,1980,16,19,developing
77,3,579,19,25,developing
63,6,1020,11,16,developing
77,7,1757,19,26,developing
76,7,2016,12,15,developing
80,9,2187,26,34,developing
48,6,1332,8,15,weak
68,4,460,13,20,developing
42,9,1980,7,15,weak
37,2,546,4,10,weak
100,3,459,25,26,mastered
68,4,756,22,31,developing
73,2,198,12,15,developing
67,4,696,16,23,developing
42,8,2056,9,22,weak
89,9,2475,37,39,mastered
45,3,462,11,23,weak
57,1,127,20,38,weak
71,5,885,24,34,developing
78,8,1112,22,28,developing
81,7,819,28,32,developing
91,9,747,9,10,mastered
86,2,544,23,28,developing
60,2,536,23,38,developing
100,3,291,18,18,mastered
35,3,720,13,35,weak
54,9,963,7,14,weak
59,8,1696,8,13,weak
61,8,1336,16,26,developing
45,3,774,11,25,weak
51,7,1624,6,11,weak
72,4,484,10,14,developing
77,2,406,15,20,developing
86,1,253,18,20,mastered
73,5,1330,18,26,developing
73,8,1656,25,36,developing
69,5,1420,20,30,developing
71,6,1662,7,10,developing
78,9,1449,19,26,developing
44,2,350,7,14,weak
75,1,263,30,38,developing
81,4,908,19,23,developing
90,6,564,33,38,mastered
68,7,2065,10,15,developing
33,3,633,9,24,weak
87,5,1430,28,32,mastered
98,9,1044,23,23,mastered
100,7,1876,29,30,mastered
65,7,1862,18,26,developing
59,7,1344,21,37,weak
36,5,1000,7,21,weak
81,9,936,24,31,developing
66,8,1584,15,24,developing
83,6,1476,16,20,developing
97,6,1536,12,13,mastered
87,1,244,17,20,mastered
70,3,534,9,14,developing
84,8,1784,9,11,developing
84,3,750,19,23,developing
82,8,2320,8,10,developing
36,4,1004,10,24,weak
59,5,500,6,10,weak
76,7,1575,27,36,developing
50,2,598,5,10,weak
95,4,808,26,27,mastered
55,6,1440,18,31,weak
52,9,2619,11,20,weak
44,2,260,17,36,weak
29,1,90,10,32,weak
80,7,1638,13,17,developing
94,2,200,12,12,mastered
39,3,405,9,25,weak
29,8,2320,5,14,weak
46,1,141,14,28,weak
31,8,2040,8,22,weak
24,1,168,7,25,weak
76,3,639,11,14,developing
47,4,888,15,28,weak
56,4,1040,6,10,weak
83,4,716,29,36,developing
97,3,276,34,35,mastered
81,9,1575,12,15,developing
77,3,834,12,16,developing
72,3,783,12,17,developing
82,4,920,13,16,developing
72,2,434,23,33,developing
71,7,560,11,16,developing
85,7,854,18,20,mastered
63,6,624,18,27,developing
70,2,378,9,12,developing
86,1,103,27,31,mastered
75,6,1050,10,14,developing
45,3,486,8,18,weak
80,9,1692,16,20,developing
96,7,952,31,32,mastered
76,3,681,17,23,developing
73,9,1818,29,38,developing
53,8,1512,20,36,weak
70,3,306,16,23,developing
75,4,520,18,22,developing
76,9,1197,23,28,developing
58,2,276,8,15,weak
57,4,1168,13,22,weak
67,6,1116,20,31,developing
44,9,1881,16,36,weak
77,3,876,19,24,developing
90,7,1435,21,23,mastered
30,5,1160,10,34,weak
65,7,840,27,39,developing
88,3,588,30,32,mastered
85,2,344,26,31,developing
70,2,310,17,25,developing
66,9,990,10,16,developing
79,6,1164,8,10,developing
64,3,840,11,18,developing
100,4,608,32,33,mastered
52,7,1526,15,29,weak
65,2,522,20,30,developing
72,1,114,22,32,developing
82,4,520,14,17,developing
65,6,1338,16,23,developing
60,8,2032,9,14,developing
25,4,564,9,30,weak
83,5,1030,28,35,developing
58,1,98,16,25,weak
85,7,1169,18,21,developing
90,7,1288,18,21,mastered
89,8,896,19,20,mastered
89,5,475,23,26,mastered
96,7,763,38,39,mastered
99,3,753,11,11,mastered
51,9,2025,11,20,weak
64,2,502,9,14,developing
100,7,896,31,32,mastered
77,2,542,17,20,developing
51,5,1295,11,21,weak
57,5,815,13,24,weak
73,6,588,27,35,developing
100,4,388,14,14,mastered
71,2,192,12,16,developing
65,1,216,24,35,developing
50,7,1015,5,11,weak
46,5,1015,8,18,weak
47,5,1165,15,32,weak
57,9,1863,15,26,weak
85,8,824,15,17,mastered
79,2,350,19,23,developing
71,9,846,11,16,developing
73,8,1360,30,39,developing
40,3,687,14,32,weak
41,1,255,5,11,weak
67,1,180,7,10,developing
55,7,1449,17,32,weak
83,9,981,18,20,developing
49,1,221,15,27,weak
70,8,2032,15,20,developing
36,5,1140,8,19,weak
94,9,1080,18,18,mastered
78,1,206,19,25,developing
25,2,348,3,11,weak
56,5,1185,14,22,weak
63,1,289,23,38,developing
51,6,1416,6,13,weak
59,6,1554,7,12,weak
50,7,1274,10,22,weak
66,8,2176,13,19,developing
59,1,173,21,33,weak
81,5,1265,11,13,developing
66,4,600,14,20,developing
95,2,206,21,21,mastered
67,8,1816,9,14,developing
40,4,1032,11,30,weak
67,9,1260,17,24,developing
69,3,498,22,31,developing
77,1,227,11,15,developing
74,4,480,17,24,developing
78,3,744,28,37,developing
59,9,1728,13,23,weak
100,3,369,38,39,mastered
83,3,771,12,14,developing
100,2,568,28,29,mastered
52,9,1224,15,27,weak
64,9,2007,20,30,developing
98,8,1368,22,22,mastered
37,6,756,7,18,weak
20,5,835,2,10,weak
83,4,992,33,39,developing
57,2,262,18,29,weak
85,8,648,11,13,mastered
57,6,1620,22,39,weak
45,2,540,16,37,weak
46,7,567,14,28,weak
71,8,1528,7,10,developing
58,2,440,10,16,weak
99,6,1452,31,32,mastered
77,2,284,19,26,developing
82,4,844,10,12,developing
20,9,2295,4,18,weak
58,9,1971,7,12,weak
68,2,338,11,16,developing
31,4,460,10,37,weak
55,6,606,13,24,weak
97,6,1512,29,30,mastered
63,5,945,10,17,developing
77,4,968,20,25,developing
71,2,278,10,14,developing
47,6,1734,10,23,weak
43,5,1330,9,19,weak
79,9,2169,16,19,developing
38,2,518,5,12,weak
68,6,918,11,15,developing
80,7,966,25,33,developing
49,2,268,19,34,weak
67,8,1656,25,36,developing
77,4,392,16,20,developing
80,3,501,24,30,developing
86,3,516,25,30,developing
56,7,1099,16,30,weak
44,1,215,16,39,weak
54,1,149,18,32,weak
54,1,245,16,27,weak
43,6,1206,8,20,weak
97,3,648,11,12,mastered
28,7,805,4,13,weak
95,5,800,16,17,mastered
59,7,1498,13,22,weak
68,9,846,18,25,developing
60,4,1080,13,22,weak
80,8,1664,14,16,developing
60,6,1038,6,10,developing
85,9,1494,27,31,mastered
53,7,1113,8,15,weak
49,8,952,19,39,weak
90,2,248,37,39,mastered
68,6,870,18,27,developing
44,1,261,8,20,weak
68,4,952,15,22,developing
76,2,254,11,14,developing
81,3,834,21,26,developing
69,1,187,18,26,developing
32,2,408,10,34,weak
68,4,520,20,28,developing
69,1,279,22,30,developing
37,5,805,12,35,weak
61,2,560,10,16,developing
64,1,233,15,22,developing
33,3,426,13,36,weak
41,4,1016,7,16,weak
39,9,1035,12,28,weak
43,5,970,5,12,weak
82,7,826,17,21,developing
31,4,864,9,32,weak
92,7,1120,12,14,mastered
58,1,292,23,39,weak
67,5,670,16,22,developing
21,7,1400,4,22,weak
69,4,468,13,17,developing
54,9,2160,17,34,weak
100,1,206,21,21,mastered
27,2,596,10,37,weak
82,2,568,15,18,developing
71,6,696,9,12,developing
73,8,792,31,39,developing
91,9,2646,11,11,mastered
99,8,2208,27,28,mastered
31,9,2295,13,39,weak
91,7,1379,15,17,mastered
86,8,2056,12,13,mastered
95,7,763,33,34,mastered
93,2,176,30,31,mastered
79,8,1344,20,24,developing
53,4,620,19,38,weak
77,1,151,20,27,developing
84,6,1458,17,20,developing
69,6,834,7,10,developing
69,2,278,7,11,developing
76,6,1038,28,37,developing
82,7,1400,26,30,developing
61,1,187,8,12,developing
76,6,1446,10,14,developing
49,1,155,7,13,weak
69,9,2205,14,21,developing
61,8,784,16,25,developing
94,7,973,17,18,mastered
49,1,240,14,27,weak
68,2,478,22,32,developing
63,7,826,14,21,developing
59,5,650,16,27,weak
80,2,518,8,10,developing
74,7,700,21,27,developing
90,4,480,33,36,mastered
87,8,1984,12,14,mastered
73,8,928,14,19,developing
64,6,1140,17,28,developing
94,6,996,37,38,mastered
65,2,290,14,23,developing
77,7,1967,24,30,developing
81,1,90,11,13,developing
49,4,584,8,17,weak
39,7,1869,5,12,weak
85,9,1152,20,24,developing
91,9,1341,28,31,mastered
55,2,494,21,37,weak
41,7,777,14,31,weak
84,6,1422,10,12,developing
54,8,1832,15,29,weak
95,6,1260,36,37,mastered
66,5,435,19,29,developing
72,6,1164,26,34,developing
93,7,1876,32,33,mastered
68,2,342,18,28,developing
41,5,1190,6,14,weak
73,9,801,13,17,developing
100,4,344,17,17,mastered
76,8,856,23,30,developing
80,8,2376,15,18,developing
95,9,1899,13,13,mastered
95,9,2250,10,11,mastered
85,7,1330,29,33,mastered
74,7,609,7,10,developing
80,7,1806,14,17,developing
99,2,172,31,32,mastered
60,8,1624,6,10,developing
69,9,990,13,19,developing
74,7,2086,7,10,developing
59,5,1020,17,29,weak
60,9,2250,21,32,developing
88,3,780,28,33,developing
71,1,167,25,33,developing
65,1,298,20,32,developing
84,5,1480,33,37,developing
38,8,1976,10,23,weak
77,3,804,21,28,developing
100,2,512,38,39,mastered
96,1,236,36,37,mastered
97,2,342,13,13,mastered
49,7,665,17,37,weak
77,1,275,14,17,developing
96,1,218,38,39,mastered
64,6,876,22,34,developing
57,1,225,14,26,weak
74,8,1504,20,28,developing
71,9,927,25,35,developing
66,5,1055,25,39,developing
65,9,1224,19,27,developing
30,9,999,6,17,weak
49,5,1480,18,38,weak
61,2,568,22,35,developing
32,9,1548,10,30,weak
96,5,700,20,20,mastered
49,2,580,7,12,weak
88,5,425,26,28,mastered
39,9,1989,5,14,weak
94,2,202,33,37,mastered
59,5,1000,9,14,weak
91,3,519,30,35,mastered
71,9,2025,20,27,developing
100,1,181,32,33,mastered
68,6,786,9,14,developing
64,4,936,23,37,developing
96,6,1770,25,26,mastered
91,1,285,35,38,mastered
64,5,1075,22,33,developing
80,9,1764,13,16,developing
34,2,410,5,14,weak
47,3,417,15,29,weak
65,8,1544,15,23,developing
85,5,620,29,34,mastered
38,2,448,7,20,weak
51,4,416,14,29,weak
76,2,264,8,11,developing
66,7,1743,10,14,developing
69,6,1446,8,12,developing
82,5,995,20,24,developing
92,4,948,14,14,mastered
50,1,244,14,29,weak
99,5,1305,11,11,mastered
63,5,1035,26,39,developing
87,3,435,23,26,mastered
70,8,1080,26,38,developing
21,3,315,3,12,weak
76,5,1320,17,24,developing
80,5,1325,17,22,developing
43,5,1305,14,33,weak
86,5,600,10,12,developing
69,5,1220,12,18,developing
81,4,748,27,34,developing
85,6,1278,18,22,developing
44,3,645,15,31,weak
65,6,1356,11,16,developing
73,9,918,11,14,developing
64,1,246,25,36,developing
68,8,1784,22,30,developing
75,8,1704,9,11,developing
67,5,1225,26,38,developing
51,9,1026,9,17,weak
62,6,990,20,33,developing
50,3,558,10,20,weak
94,3,864,24,26,mastered
81,8,784,13,16,developing
44,1,132,14,31,weak
70,4,636,11,16,developing
92,7,658,19,20,mastered
15,4,1096,5,24,weak
56,5,535,14,24,weak
89,4,396,32,37,mastered
52,3,465,12,21,weak
85,5,925,19,23,developing
74,7,2044,29,38,developing
60,1,183,19,31,developing
67,5,1210,10,15,developing
60,4,504,14,24,weak
64,6,1698,24,38,developing
68,7,812,24,34,developing
87,6,1758,25,29,mastered
47,3,438,9,17,weak
55,6,918,8,15,weak
75,3,798,21,29,developing
69,9,2358,22,34,developing
91,1,211,15,17,mastered
60,9,2430,9,16,weak
73,5,1455,25,33,developing
98,5,1395,28,29,mastered
36,1,83,7,17,weak
52,9,2511,14,28,weak
78,6,1176,20,24,developing
72,4,1108,7,10,developing
51,2,328,9,18,weak
91,4,1028,13,14,mastered
46,2,506,6,14,weak
52,7,1666,18,31,weak
71,8,864,25,33,developing
93,7,938,21,22,mastered
59,4,880,12,22,weak
76,2,342,21,28,developing
94,2,322,30,31,mastered
70,9,1044,25,36,developing
54,3,690,21,36,weak
92,5,1290,10,11,mastered
89,8,1944,21,22,mastered
93,6,1788,14,14,mastered
52,5,725,11,20,weak
100,9,2601,11,11,mastered
50,9,1359,19,39,weak
85,3,663,26,29,mastered
63,6,1734,26,38,developing
89,7,1435,10,11,mastered
22,2,172,8,34,weak
72,2,236,28,38,developing
93,1,207,16,16,mastered
79,3,627,8,11,developing
71,7,945,14,20,developing
66,9,2241,16,22,developing
31,3,462,5,14,weak
73,4,1112,26,33,developing
54,2,214,7,13,weak
95,4,460,25,27,mastered
92,1,180,28,31,mastered
76,1,244,18,25,developing
74,1,246,22,30,developing
65,4,336,22,33,developing
51,5,795,15,27,weak
80,4,1024,26,33,developing
42,3,798,5,12,weak
83,8,2264,8,10,developing
81,9,1953,31,36,developing
86,4,852,21,24,mastered
51,6,1620,6,11,weak
89,9,1710,27,29,mastered
79,6,846,26,35,developing
74,3,507,19,26,developing
91,6,810,29,31,mastered
41,7,742,16,38,weak
88,9,2394,25,27,mastered
69,2,416,28,38,developing
91,7,1260,13,14,mastered
98,4,1124,14,14,mastered
49,7,1225,17,33,weak
76,4,1172,10,13,developing
66,1,124,26,37,developing
60,8,824,10,16,weak
68,5,690,18,26,developing
84,1,163,9,11,developing
67,3,519,24,37,developing
69,5,830,20,30,developing
21,4,860,3,15,weak
93,8,1264,28,29,mastered
62,6,1392,16,24,developing
53,6,540,17,33,weak
43,7,1491,9,21,weak
87,8,1752,11,12,mastered
94,8,1192,25,26,mastered
79,4,836,31,38,developing
62,4,644,7,12,developing
90,1,105,30,33,mastered
68,9,864,11,16,developing
31,6,1038,6,18,weak
98,3,534,20,20,mastered
74,2,544,17,22,developing
94,9,837,16,18,mastered
99,3,861,18,18,mastered
56,7,854,10,17,weak
71,7,1064,9,12,developing
51,9,1692,15,26,weak
65,5,825,19,28,developing
62,8,1528,11,19,weak
66,4,820,24,35,developing
62,7,1407,17,25,developing
84,6,918,26,29,developing
54,8,2056,17,30,weak
94,5,820,34,37,mastered
77,1,277,21,27,developing
94,6,594,17,19,mastered
54,5,825,17,32,weak
58,7,1470,20,34,weak
82,5,1110,14,18,developing
78,2,452,28,36,developing
61,1,148,21,35,weak
82,4,640,17,22,developing
28,3,537,8,30,weak
46,2,574,11,25,weak
41,1,132,6,15,weak
50,3,774,17,33,weak
92,6,1680,23,25,mastered
97,4,908,24,24,mastered
42,9,1314,7,19,weak
93,4,656,15,16,mastered
60,6,1116,19,30,developing
34,3,792,11,37,weak
84,2,424,29,35,developing
67,8,1896,11,15,developing
83,3,534,22,27,developing
96,6,756,30,31,mastered
87,8,1448,17,20,mastered
87,9,2151,17,20,developing
68,8,1040,11,17,developing
91,5,1315,14,15,mastered
51,9,2457,9,17,weak
54,2,308,18,36,weak
71,3,330,26,34,developing
78,2,572,19,23,developing
71,7,1463,15,21,developing
28,3,459,10,30,weak
97,6,624,29,30,mastered
90,5,1085,17,19,mastered
78,8,992,14,17,developing
84,7,595,21,25,developing
49,6,1146,7,14,weak
71,1,293,11,16,developing
82,7,1057,24,29,developing
42,3,645,16,37,weak
47,3,483,12,24,weak
32,1,132,6,20,weak
61,7,2016,9,14,developing
88,7,728,18,20,mastered
68,6,576,22,33,developing
72,1,285,12,16,developing
71,4,1036,8,11,developing
86,2,430,10,11,mastered
100,2,314,28,29,mastered
97,9,828,31,32,mastered
60,5,1350,19,33,weak
76,5,1390,10,14,developing
80,8,1688,14,17,developing
98,9,2367,17,17,mastered
62,5,1320,23,37,developing
97,3,816,13,14,mastered
61,1,286,7,11,developing
78,8,776,11,13,developing
51,1,143,7,12,weak
44,1,166,6,13,weak
84,2,160,16,19,developing
70,6,966,18,24,developing
76,1,233,18,23,developing
33,7,1666,4,12,weak
72,9,2529,8,11,developing
61,2,566,15,25,weak
97,9,1206,30,32,mastered
28,6,822,9,36,weak
94,9,810,12,12,mastered
55,5,1280,19,33,weak
77,6,1014,28,38,developing
74,9,1008,13,18,developing
65,6,1776,19,27,developing
35,2,398,5,17,weak
58,3,759,20,35,weak
97,3,270,11,11,mastered
75,3,246,11,15,developing
79,3,660,17,20,developing
64,9,1143,16,27,developing
75,4,724,27,38,developing
88,6,960,35,39,mastered
53,3,645,16,29,weak
82,2,424,33,39,developing
91,7,1715,34,38,mastered
46,9,2394,6,14,weak
76,6,1434,10,14,developing
54,5,785,8,16,weak
70,8,824,26,39,developing
81,9,1359,10,13,developing
98,7,1071,21,21,mastered
50,4,1012,19,38,weak
82,4,748,17,21,developing
38,2,398,10,26,weak
48,1,119,17,32,weak
61,3,801,13,20,developing
76,9,1980,9,11,developing
43,6,1746,9,19,weak
94,9,1197,21,21,mastered
84,4,1128,24,28,developing
77,9,1854,16,21,developing
62,9,1935,18,28,developing
33,8,1496,10,27,weak
77,1,147,8,11,developing
59,3,486,22,36,weak
59,8,1752,17,27,weak
51,1,127,14,26,weak
53,5,1030,10,17,weak
71,1,229,26,35,developing
60,8,1296,18,28,developing
79,8,1368,13,16,developing
66,3,759,19,28,developing
32,1,99,7,20,weak
76,2,284,25,31,developing
72,5,600,21,31,developing
41,5,1165,10,24,weak
91,7,1596,25,28,mastered
78,7,1043,9,11,developing
95,9,1314,23,23,mastered
57,1,216,18,32,weak
74,1,204,18,23,developing
58,7,1848,18,28,weak
90,9,1845,13,14,mastered
69,5,1235,10,14,developing
77,5,435,15,21,developing
39,6,1668,6,15,weak
72,4,864,24,33,developing
68,5,1260,17,23,developing
70,8,1760,8,11,developing
82,1,122,13,16,developing
53,3,342,12,20,weak
36,7,1617,13,35,weak
61,8,2080,12,18,developing
76,3,861,16,21,developing
77,8,1592,10,14,developing
93,3,255,21,22,mastered
44,2,306,16,35,weak
37,2,460,12,31,weak
42,7,1302,7,16,weak
67,3,612,18,26,developing
83,8,1648,26,32,developing
58,6,1116,12,19,weak
53,5,1020,11,19,weak
77,3,564,26,32,developing
71,7,616,25,36,developing
65,4,352,15,24,developing
100,7,567,35,36,mastered
56,6,1092,16,27,weak
81,5,1390,17,21,developing
86,6,1182,25,30,developing
81,8,896,29,35,developing
85,8,2024,9,11,developing
59,5,1485,16,26,weak
53,4,900,18,33,weak
67,8,2184,19,27,developing
54,1,269,15,27,weak
52,9,2637,14,25,weak
51,6,1602,14,26,weak
47,1,139,9,18,weak
56,1,295,9,16,weak
21,4,552,10,38,weak
95,6,546,24,24,mastered
58,8,2360,15,27,weak
77,6,912,12,15,developing
66,6,1212,17,24,developing
49,6,1170,11,20,weak
60,9,855,13,21,developing
68,3,420,20,30,developing
49,1,249,13,26,weak
70,6,1254,10,15,developing
70,1,247,26,38,developing
79,5,1000,11,14,developing
74,1,85,9,11,developing
84,7,1456,15,18,developing
54,6,1086,6,12,weak
90,1,177,30,32,mastered
75,7,1589,24,32,developing
87,2,334,10,12,mastered
67,1,130,9,13,developing
37,3,810,12,34,weak
61,9,2043,9,14,developing
86,6,948,16,19,developing
52,7,1071,8,16,weak
60,1,93,8,12,developing
30,9,1935,6,20,weak
70,7,1463,11,17,developing
42,3,624,6,14,weak
29,5,520,13,37,weak
97,6,1140,29,31,mastered
89,5,1445,17,19,mastered
66,1,149,8,12,developing
53,5,1295,18,32,weak
71,3,477,16,24,developing
92,3,573,27,29,mastered
49,5,1065,18,35,weak
51,5,1035,20,36,weak
88,1,239,24,27,mastered
73,9,1008,18,23,developing
44,1,103,14,35,weak
54,1,164,19,33,weak
44,4,496,16,34,weak
80,6,1512,22,28,developing
67,8,2096,17,26,developing
93,9,792,33,34,mastered
75,3,558,28,35,developing
61,8,1544,8,12,developing
58,4,756,9,15,weak
51,5,700,20,36,weak
59,7,1995,15,24,weak
57,3,291,18,31,weak
53,9,1431,9,16,weak
96,6,1392,35,36,mastered
57,9,792,6,11,weak
58,6,1686,12,22,weak
64,7,1085,21,32,developing
72,9,1755,25,34,developing
97,7,1666,23,24,mastered
96,7,707,36,37,mastered
72,6,1098,27,39,developing
96,7,1813,28,30,mastered
58,3,429,9,15,weak
71,3,573,14,19,developing
78,7,1225,18,24,developing
85,4,428,26,32,developing
48,7,784,18,35,weak
81,6,1698,8,10,developing
96,6,828,30,33,mastered
52,8,1496,16,29,weak
95,3,483,30,31,mastered
76,3,861,18,24,developing
100,3,762,29,30,mastered
58,1,137,22,36,weak
60,2,222,16,24,developing
43,3,615,13,27,weak
80,9,2385,9,11,developing
48,2,570,8,15,weak
82,6,1188,30,34,developing
62,5,590,18,27,developing
45,6,1182,7,14,weak
77,3,735,25,30,developing
68,4,884,25,37,developing
51,9,1980,6,10,weak
59,9,1224,9,15,weak
62,9,2412,9,14,developing
83,9,2511,17,20,developing
56,7,714,8,14,weak
37,8,2024,9,22,weak
64,5,960,22,35,developing
80,1,91,18,21,developing
77,2,554,29,36,developing
54,9,792,16,31,weak
96,2,378,21,21,mastered
89,9,1494,28,31,mastered
68,6,1236,25,36,developing
64,9,1962,24,39,developing
38,2,382,9,21,weak
67,1,170,11,16,developing
58,9,720,16,26,weak
89,5,1455,34,37,mastered
59,9,2430,8,13,weak
55,1,90,16,28,weak
99,7,2009,36,37,mastered
20,3,342,8,39,weak
64,4,1164,14,21,developing
67,6,1428,19,28,developing
77,1,214,26,35,developing
88,3,462,15,18,developing
48,1,137,7,13,weak
66,5,1130,23,36,developing
69,2,576,26,38,developing
61,6,1410,21,32,developing
49,8,944,7,13,weak
54,7,1638,12,23,weak
75,9,2511,20,26,developing
89,8,2080,25,29,mastered
68,3,774,22,35,developing
66,1,161,16,22,developing
73,1,278,10,13,developing
78,5,695,26,34,developing
36,5,750,10,25,weak
70,7,2002,17,23,developing
49,4,1012,11,22,weak
73,7,882,26,35,developing
86,7,567,21,25,developing
60,9,756,10,16,developing
36,5,1420,7,16,weak
65,3,330,12,17,developing
38,4,396,13,30,weak
89,9,1098,27,31,mastered
91,8,1272,27,29,mastered
46,3,492,10,22,weak
40,7,756,5,11,weak
93,1,230,13,13,mastered
66,5,505,7,10,developing
75,6,1008,10,13,developing
22,9,1413,5,20,weak
47,7,1141,12,24,weak
75,7,1407,25,33,developing
35,4,912,12,37,weak
52,8,1080,13,25,weak
82,6,1194,25,30,developing
67,7,812,11,16,developing
38,4,448,14,33,weak
65,7,1302,17,24,developing
49,8,680,6,12,weak
69,6,1104,26,37,developing
72,9,1368,28,37,developing
57,5,1345,15,27,weak
59,3,747,16,27,weak
85,8,672,27,32,developing
15,2,182,7,37,weak
69,4,940,10,14,developing
71,4,1148,18,24,developing
82,9,2079,25,32,developing
88,6,1182,28,30,mastered
59,3,432,13,20,weak
54,7,686,14,25,weak
80,3,360,31,38,developing
49,4,1048,14,27,weak
97,8,1768,21,21,mastered
57,4,672,18,33,weak
77,1,130,31,39,developing
90,7,1869,9,10,mastered
33,1,198,13,39,weak
66,4,908,12,20,developing
53,2,274,5,10,weak
97,3,252,27,28,mastered
60,6,840,19,31,developing
68,9,2664,8,11,developing
77,7,1631,14,18,developing
60,8,1064,23,37,developing
76,6,1182,20,28,developing
45,2,162,13,27,weak
43,9,774,9,19,weak
59,9,2484,13,22,weak
87,2,260,17,20,mastered
31,4,428,7,20,weak
65,5,1230,27,38,developing
97,6,1338,30,31,mastered
90,3,804,26,29,mastered
60,2,338,12,20,weak
66,8,1944,19,26,developing
72,2,436,23,29,developing
51,9,1845,15,28,weak
81,1,134,21,26,developing
85,8,1040,24,27,mastered
46,6,486,20,39,weak
64,2,208,9,14,developing
84,9,2151,12,14,developing
65,6,1614,8,12,developing
65,5,1135,23,34,developing
55,5,885,7,12,weak
62,4,580,14,23,developing
74,1,228,12,15,developing
74,1,155,24,34,developing
52,5,790,16,29,weak
66,9,2394,22,32,developing
77,6,1284,11,14,developing
100,9,2511,37,38,mastered
64,1,171,11,17,developing
50,8,2296,20,38,weak
27,2,300,11,35,weak
47,9,1917,5,10,weak
74,3,390,15,22,developing
41,6,534,13,28,weak
71,2,278,11,15,developing
68,3,813,14,21,developing
92,6,1296,10,11,mastered
58,3,519,19,33,weak
67,6,1140,15,21,developing
90,2,254,36,38,mastered
34,7,1911,5,15,weak
64,7,707,21,30,developing
45,4,488,7,18,weak
48,4,788,11,24,weak
83,5,645,14,16,developing
37,8,992,4,11,weak
38,6,1452,10,25,weak
90,1,95,15,17,mastered
80,8,2328,24,31,developing
49,7,1414,11,21,weak
93,5,1365,28,30,mastered
39,4,940,7,17,weak
52,9,1962,14,29,weak
88,1,135,25,29,developing
70,8,1296,10,15,developing
95,4,800,29,30,mastered
64,6,972,7,11,developing
45,7,868,12,25,weak
85,9,2268,15,18,developing
58,1,153,12,19,weak
62,6,1050,14,24,weak
47,2,372,9,19,weak
55,1,116,21,36,weak
34,3,300,15,38,weak
78,3,534,24,32,developing
38,2,242,9,21,weak
43,2,316,17,36,weak
72,6,1296,16,21,developing
98,1,151,12,12,mastered
75,5,435,8,11,developing
55,1,144,12,21,weak
49,3,840,9,16,weak
83,1,100,13,15,developing
64,8,1056,16,23,developing
62,1,200,20,34,weak
61,6,1008,6,10,weak
53,4,340,14,26,weak
96,1,148,15,15,mastered
93,2,206,22,25,mastered
91,9,2475,11,12,mastered
98,7,574,21,21,mastered
49,6,1434,10,21,weak
63,2,292,25,38,developing
41,9,2124,18,38,weak
36,3,750,6,16,weak
86,6,1560,30,33,mastered
79,5,955,31,39,developing
57,5,1055,6,10,weak
41,7,1554,10,21,weak
65,1,184,12,17,developing
100,9,1368,29,30,mastered
89,3,711,27,29,mastered
100,4,1100,34,35,mastered
59,6,1782,10,16,weak
57,6,1608,11,19,weak
60,3,687,25,39,developing
59,8,1008,11,17,weak
56,1,227,12,23,weak
55,3,807,11,18,weak
84,8,1352,17,21,developing
100,5,1115,27,28,mastered
66,2,260,11,17,developing
99,8,1008,10,10,mastered
81,8,2168,20,24,developing
80,9,1656,10,12,developing
89,6,1788,24,26,mastered
99,8,2192,24,24,mastered
36,1,280,4,10,weak
87,6,870,30,35,developing
46,4,816,16,35,weak
61,6,720,16,26,developing
95,7,1141,16,16,mastered
78,1,149,9,11,developing
57,8,1968,17,29,weak
78,5,445,12,15,developing
77,3,243,10,12,developing
66,3,537,21,31,developing
47,2,404,12,24,weak
88,1,122,9,10,mastered
54,5,975,12,21,weak
64,2,534,12,18,developing
76,8,2344,10,13,developing
37,5,680,5,13,weak
52,7,1204,17,35,weak
18,6,618,6,26,weak
76,8,2008,29,38,developing
35,5,1495,11,34,weak
67,5,775,17,23,developing
52,2,362,9,18,weak
60,1,140,20,33,developing
97,6,1530,29,30,mastered
93,8,944,32,33,mastered
91,4,436,22,25,mastered
69,7,791,7,10,developing
85,6,870,16,18,mastered
85,4,504,21,23,mastered
53,9,954,16,27,weak
60,8,1392,15,27,weak
78,2,328,18,23,developing
94,7,1323,13,13,mastered
74,9,1278,17,23,developing
95,2,196,28,29,mastered
76,9,1710,19,25,developing
50,7,987,18,38,weak
86,4,728,23,27,mastered
78,8,1016,23,28,developing
85,6,912,9,11,mastered
70,6,1344,11,14,developing
42,3,732,8,17,weak
71,1,100,18,25,developing
60,8,800,18,32,weak
40,3,573,5,11,weak
27,7,1407,7,28,weak
61,5,1030,13,22,developing
72,8,1304,16,23,developing
55,7,1554,11,19,weak
65,4,1124,18,28,developing
99,6,1506,12,12,mastered
27,8,1848,12,38,weak
86,3,528,32,38,developing
92,8,1904,32,33,mastered
72,7,903,13,18,developing
20,4,848,7,34,weak
71,4,868,8,11,developing
86,3,747,20,24,developing
76,1,108,18,23,developing
75,9,2061,28,36,developing
50,3,387,13,28,weak
94,1,198,17,17,mastered
39,1,226,10,22,weak
73,1,166,22,29,developing
80,9,783,14,17,developing
70,2,240,14,21,developing
77,3,741,31,38,developing
100,4,916,13,13,mastered
81,7,1414,16,19,developing
75,7,686,31,39,developing
63,8,1368,19,31,developing
72,3,342,25,35,developing
74,9,1143,24,33,developing
40,5,655,10,25,weak
76,8,1160,20,28,developing
46,9,1359,7,14,weak
74,3,354,21,27,developing
59,3,267,17,30,weak
95,3,489,10,10,mastered
73,8,1272,25,33,developing
71,9,1638,22,29,developing
89,2,394,13,14,mastered
66,7,1421,21,32,developing
50,5,1055,18,37,weak
75,2,216,18,24,developing
69,3,270,20,27,developing
100,1,260,28,29,mastered
49,7,2037,14,31,weak
66,3,780,25,39,developing
96,5,755,24,25,mastered
69,2,510,10,14,developing
96,6,1434,27,28,mastered
57,3,726,20,35,weak
60,7,1211,11,19,weak
27,4,504,9,33,weak
67,7,1470,24,37,developing
100,3,681,16,16,mastered
52,2,294,13,23,weak
91,2,178,33,34,mastered
76,7,1624,27,38,developing
29,3,864,7,26,weak
43,9,1494,8,17,weak
79,7,1393,24,31,developing
61,6,1350,13,20,developing
80,4,696,15,20,developing
80,3,831,19,23,developing
78,2,424,27,34,developing
46,1,188,6,11,weak
64,5,615,20,29,developing
74,7,1596,14,18,developing
49,1,122,19,38,weak
58,3,678,17,31,weak
45,3,255,15,30,weak
42,4,744,10,20,weak
64,7,1988,12,20,developing
93,5,1355,24,24,mastered
40,9,1710,16,38,weak
79,5,815,10,12,developing
60,2,358,19,30,developing
35,3,624,12,35,weak
76,7,1260,15,18,developing
90,7,1876,28,29,mastered
63,4,348,11,17,developing
35,5,715,9,22,weak
62,1,107,11,17,developing
49,7,924,10,20,weak
88,9,765,29,34,mastered
60,7,595,15,27,weak
20,4,912,3,13,weak
61,9,2529,12,18,developing
64,8,1752,23,35,developing
79,2,420,9,11,developing
55,9,999,16,26,weak
97,8,1264,29,30,mastered
64,8,1424,22,34,developing
98,6,984,12,12,mastered
60,2,366,19,31,developing
84,7,1043,15,18,developing
78,9,1197,29,38,developing
49,1,243,19,38,weak
91,5,1335,13,15,mastered
34,5,490,13,33,weak
55,5,525,18,30,weak
83,5,1170,29,37,developing
85,7,1218,10,11,mastered
90,7,882,35,37,mastered
66,8,2176,14,23,developing
57,6,510,16,27,weak
75,6,534,20,28,developing
83,4,564,31,38,developing
87,9,2286,15,17,mastered
90,1,131,12,14,mastered
61,8,2056,22,37,weak
64,2,584,19,32,developing
68,3,384,20,31,developing
67,9,1044,8,12,developing
93,3,357,15,17,mastered
91,4,1020,32,35,mastered
23,9,936,7,24,weak
79,1,278,19,23,developing
70,9,2295,18,26,developing
60,6,1494,21,37,weak
82,9,1431,17,21,developing
85,3,483,28,34,developing
83,9,2061,27,31,developing
45,9,1935,16,32,weak
57,7,1428,13,25,weak
55,6,1614,11,20,weak
98,3,660,13,13,mastered
28,2,576,12,38,weak
62,1,219,18,30,developing
100,5,405,31,32,mastered
33,2,544,12,32,weak
60,1,260,11,17,developing
84,1,145,11,13,developing
67,7,770,9,12,developing
56,1,235,11,20,weak
70,9,2511,26,38,developing
52,7,770,14,26,weak
90,2,550,16,18,mastered
69,9,1863,26,36,developing
85,3,555,24,28,mastered
75,7,1722,12,16,developing
64,2,240,26,39,developing
69,6,1248,16,21,developing
61,1,227,11,18,weak
74,1,274,11,16,developing
80,5,660,21,27,developing
81,2,180,27,32,developing
50,3,828,8,15,weak
46,9,1926,11,25,weak
21,8,1736,6,21,weak
62,3,339,18,30,weak
56,2,240,15,25,weak
54,9,1998,7,13,weak
100,6,1326,17,17,mastered
35,8,2392,7,18,weak
100,3,876,10,10,mastered
100,6,1290,33,34,mastered
90,8,808,34,38,mastered
70,5,630,18,27,developing
95,4,1004,21,21,mastered
79,9,1485,13,17,developing
76,3,849,15,20,developing
69,1,212,29,39,developing
58,7,2093,7,12,weak
93,9,1503,20,22,mastered
65,9,1611,13,19,developing
83,4,892,10,13,developing
66,5,520,23,33,developing
95,9,1521,26,28,mastered
27,3,594,3,13,weak
71,1,155,24,34,developing
76,3,897,29,37,developing
67,4,960,14,20,developing
52,7,1764,19,38,weak
35,2,480,10,30,weak
27,9,2259,8,33,weak
55,4,740,20,39,weak
100,7,784,26,27,mastered
93,1,241,14,14,mastered
100,3,657,11,11,mastered
100,9,1620,16,16,mastered
85,1,165,14,15,mastered
67,1,254,21,31,developing
68,1,194,21,31,developing
71,6,1764,7,10,developing
80,6,984,25,32,developing
55,2,390,14,24,weak
98,9,1701,31,32,mastered
48,8,1968,5,10,weak
72,7,1680,23,30,developing
74,9,2619,29,39,developing
100,9,1107,24,24,mastered
84,9,1044,27,31,developing
70,1,170,11,15,developing
57,4,684,7,12,weak
86,5,410,18,21,mastered
86,8,1496,21,25,developing
88,9,2232,23,26,mastered
68,2,398,9,13,developing
85,3,639,17,21,developing
72,8,1672,11,14,developing
62,7,1981,20,32,developing
74,3,498,19,25,developing
48,8,976,7,15,weak
81,4,696,29,35,developing
70,3,759,19,26,developing
51,5,500,14,29,weak
71,1,151,21,27,developing
59,3,717,13,21,weak
73,3,549,7,10,developing
91,7,1883,29,30,mastered
76,9,1503,28,37,developing
82,7,1806,31,36,developing
78,5,1405,10,12,developing
75,4,480,22,30,developing
45,8,672,16,33,weak
87,2,354,22,26,developing
80,6,1152,10,13,developing
60,5,400,16,24,developing
98,7,889,15,15,mastered
75,9,945,15,21,developing
58,2,462,19,30,weak
72,3,549,18,24,developing
66,7,1757,8,12,developing
93,2,592,10,10,mastered
60,7,707,14,24,weak
83,2,248,16,19,developing
71,3,816,12,17,developing
56,6,1386,12,20,weak
61,1,88,17,27,developing
58,1,148,22,35,weak
50,8,1208,6,13,weak
76,1,212,20,26,developing
82,4,620,28,35,developing
68,3,690,24,34,developing
91,7,728,31,34,mastered
62,7,1253,14,23,developing
88,1,172,26,30,mastered
99,5,1120,14,14,mastered
24,9,1233,4,20,weak
52,3,849,20,35,weak
75,9,783,27,36,developing
100,7,1666,19,20,mastered
73,8,2320,28,37,developing
60,8,896,16,26,developing
67,4,688,24,37,developing
45,9,2610,17,35,weak
85,3,330,25,28,mastered
95,7,973,16,17,mastered
98,5,760,17,17,mastered
21,1,210,7,36,weak
49,6,1746,9,18,weak
24,2,320,5,26,weak
76,3,741,12,17,developing
50,6,738,7,14,weak
100,6,936,12,12,mastered
71,9,1179,14,21,developing
48,1,248,6,12,weak
77,5,845,26,35,developing
27,9,1404,8,32,weak
69,4,796,7,10,developing
47,9,2007,18,38,weak
52,7,1918,10,19,weak
90,1,171,13,15,mastered
98,7,1603,36,37,mastered
83,6,1596,24,27,developing
40,1,230,18,39,weak
72,1,184,26,34,developing
66,3,279,13,18,developing
87,4,328,21,25,developing
97,8,2360,11,11,mastered
83,4,1000,10,12,developing
59,4,392,14,23,weak
85,3,252,33,36,mastered
57,2,454,19,31,weak
47,9,2187,11,21,weak
60,4,660,21,35,weak
89,5,1425,26,28,mastered
71,5,825,16,21,developing
66,5,470,22,33,developing
56,7,875,14,23,weak
83,5,535,14,16,developing
45,8,1264,10,22,weak
59,7,1953,9,14,weak
49,9,1170,9,18,weak
34,3,477,5,15,weak
63,8,2272,8,13,weak
86,5,640,32,37,mastered
82,7,1036,27,33,developing
52,5,705,14,25,weak
74,1,154,19,24,developing
84,1,142,11,14,developing
56,6,534,13,24,weak
67,1,293,15,24,developing
100,8,1136,24,25,mastered
100,6,786,35,36,mastered
24,5,1080,5,26,weak
95,1,155,13,13,mastered
65,3,465,24,37,developing
69,1,229,23,35,developing
50,5,1470,6,12,weak
72,3,777,9,11,developing
58,8,2192,22,39,weak
70,7,1834,22,31,developing
66,8,1888,21,33,developing
65,2,286,23,33,developing
76,7,1834,28,37,developing
92,2,298,22,23,mastered
52,4,344,6,10,weak
63,4,528,10,14,developing
37,1,262,10,30,weak
74,4,688,22,28,developing
67,3,408,13,19,developing
80,7,924,16,19,developing
98,6,1596,18,18,mastered
66,9,1431,8,12,developing
58,7,1365,5,10,weak
89,9,1251,28,32,mastered
74,1,227,26,36,developing
90,7,987,24,27,mastered
54,2,170,19,32,weak
28,5,1325,11,36,weak
60,6,624,21,34,developing
69,7,2030,8,11,developing
84,9,1206,12,13,developing
90,5,1140,29,32,mastered
53,7,1827,7,13,weak
41,5,1220,5,11,weak
76,9,2601,26,32,developing
52,9,2628,12,21,weak
72,5,1385,11,15,developing
96,1,105,10,11,mastered
70,8,2384,21,31,developing
96,1,285,36,37,mastered
90,5,1290,22,24,mastered
89,1,270,10,11,mastered
58,8,1984,14,25,weak
77,7,1652,13,17,developing
74,2,532,17,23,developing
73,5,1140,26,35,developing
100,1,272,38,39,mastered
61,2,176,24,37,developing
52,3,573,17,30,weak
49,3,627,5,10,weak
54,8,1528,14,27,weak
36,1,173,9,23,weak
68,1,127,19,27,developing
95,9,2511,20,21,mastered
50,4,860,12,21,weak
51,1,149,9,18,weak
48,5,700,15,33,weak
56,3,594,17,28,weak
95,3,465,37,38,mastered
62,1,250,8,13,developing
68,8,1704,20,30,developing
59,8,2224,9,15,weak
98,1,102,26,27,mastered
93,9,1116,29,30,mastered
43,6,1134,12,24,weak
38,3,327,14,38,weak
54,5,1440,13,22,weak
89,2,530,23,25,mastered
17,9,1368,2,12,weak
79,3,540,12,15,developing
46,4,1060,10,19,weak
67,2,500,18,26,developing
89,6,966,23,25,mastered
77,7,1526,12,16,developing
99,6,1542,14,14,mastered
84,3,678,30,35,developing
93,8,800,31,34,mastered
76,2,258,15,20,developing
100,1,259,25,26,mastered
73,5,605,7,10,developing
50,1,219,14,27,weak
57,4,628,13,22,weak
65,7,560,23,37,developing
79,4,1064,22,29,developing
74,5,1125,27,36,developing
84,6,744,25,28,developing
60,4,1060,19,29,developing
44,6,684,6,14,weak
64,8,1360,14,23,developing
32,8,1840,5,17,weak
68,7,1491,14,22,developing
63,2,436,8,13,developing
82,7,973,17,22,developing
50,4,1184,11,22,weak
100,7,1981,20,20,mastered
60,7,1435,21,34,developing
82,9,1548,9,10,developing
52,4,936,19,34,weak
68,6,1332,10,14,developing
89,4,904,32,35,mastered
67,8,768,19,29,developing
41,7,2086,13,30,weak
61,1,289,9,14,developing
85,3,372,16,19,mastered
100,9,1611,19,19,mastered
68,3,495,9,12,developing
51,5,785,13,27,weak
66,1,179,9,13,developing
43,8,1272,16,36,weak
84,9,2349,11,13,developing
86,3,441,28,32,mastered
44,4,1128,13,31,weak
53,6,1620,15,27,weak
87,9,828,15,18,mastered
75,7,854,26,36,developing
45,6,726,10,19,weak
72,4,728,25,34,developing
53,1,298,13,22,weak
76,7,1358,18,23,developing
78,7,917,28,35,developing
97,9,1845,22,22,mastered
60,5,1190,8,14,weak
57,5,850,7,13,weak
99,2,592,30,31,mastered
46,1,247,9,19,weak
57,4,424,6,10,weak
64,4,372,23,36,developing
71,2,166,26,35,developing
90,5,1365,34,38,mastered
77,4,832,24,32,developing
57,9,1530,19,36,weak
56,3,636,8,13,weak
86,1,297,8,10,developing
56,5,1495,13,24,weak
79,7,1498,24,30,developing
42,8,1800,5,10,weak
75,6,1566,14,19,developing
97,3,522,24,25,mastered
52,2,276,9,17,weak
47,1,102,10,20,weak
87,4,716,29,34,developing
58,4,732,10,18,weak
50,7,1183,14,29,weak
96,3,606,32,33,mastered
86,8,1936,16,18,mastered
64,6,1410,21,35,developing
63,9,1575,13,20,developing
73,1,162,7,10,developing
68,3,618,20,30,developing
44,9,2070,12,28,weak
65,5,490,7,10,developing
68,6,1632,12,16,developing
39,6,1392,13,35,weak
62,8,840,17,28,developing
76,9,2205,11,14,developing
41,5,470,11,26,weak
49,2,488,10,20,weak
78,9,2025,12,15,developing
61,1,136,13,22,weak
50,1,144,10,19,weak
91,2,406,31,34,mastered
52,2,314,11,20,weak
90,7,1652,31,34,mastered
92,3,408,15,15,mastered
76,4,832,20,24,developing
35,5,415,6,18,weak
86,9,846,31,36,mastered
97,8,1256,13,13,mastered
83,1,271,31,35,developing
85,9,2160,18,22,developing
88,7,1162,22,24,mastered
94,9,999,15,16,mastered
98,2,192,27,28,mastered
80,9,1692,32,39,developing
84,1,251,29,36,developing
81,2,442,10,13,developing
78,9,936,22,28,developing
43,6,1188,17,37,weak
79,1,174,24,31,developing
44,4,1052,13,26,weak
64,4,1148,23,36,developing
71,1,129,20,29,developing
69,7,1162,21,32,developing
84,2,476,28,32,developing
47,7,2093,18,36,weak
73,7,2023,14,18,developing
62,9,1845,16,27,weak
70,8,2160,15,21,developing
55,6,762,11,21,weak
87,5,500,28,33,mastered
95,6,1266,16,16,mastered
84,2,168,14,17,developing
97,4,356,15,16,mastered
73,2,460,27,37,developing
72,3,450,14,20,developing
93,8,1680,16,16,mastered
88,3,369,24,28,mastered
59,8,1128,16,26,weak
99,7,1680,38,39,mastered
99,9,1467,16,17,mastered
86,7,602,23,26,mastered
94,8,648,27,28,mastered
96,6,762,20,21,mastered
62,5,830,8,13,developing
81,4,544,23,29,developing
99,4,496,35,36,mastered
93,3,300,37,38,mastered
62,3,390,15,22,developing
46,4,568,14,31,weak
65,3,834,7,12,developing
42,2,456,6,14,weak
97,3,786,13,14,mastered
72,7,1183,26,34,developing
43,4,424,11,26,weak
100,3,555,24,24,mastered
61,5,685,12,19,developing
67,6,948,11,16,developing
82,7,931,14,17,developing
35,4,1124,4,11,weak
62,8,1920,13,20,developing
47,3,240,6,12,weak
79,3,300,13,17,developing
65,7,1778,11,16,developing
42,8,2064,11,25,weak
74,7,1715,10,13,developing
48,1,204,17,32,weak
73,4,892,19,25,developing
40,4,956,10,24,weak
63,9,1953,13,20,developing
34,8,1128,8,19,weak
97,4,432,21,21,mastered
81,8,1560,8,10,developing
65,8,1808,26,38,developing
79,9,747,11,14,developing
73,8,1864,12,16,developing
27,5,955,9,29,weak
33,4,1032,12,39,weak
98,8,2088,15,16,mastered
75,9,2385,24,30,developing
80,8,2104,19,23,developing
84,4,936,19,22,developing
87,9,1431,16,18,mastered
43,8,2280,10,23,weak
22,6,1692,5,24,weak
59,2,348,11,18,weak
78,5,1200,14,18,developing
61,4,884,19,31,developing
88,7,1673,12,13,mastered
80,2,328,25,32,developing
77,8,2144,21,29,developing
60,1,268,17,26,developing
46,3,693,8,17,weak
71,7,2044,16,24,developing
100,1,289,34,35,mastered
63,1,168,7,10,developing
57,8,1968,14,24,weak
45,5,1195,7,13,weak
88,8,1672,23,25,mastered
46,3,726,13,25,weak
78,2,280,13,16,developing
70,1,235,24,36,developing
79,1,111,18,23,developing
84,2,532,8,10,developing
57,7,1792,13,21,weak
55,3,840,21,37,weak
52,3,642,11,19,weak
60,4,600,25,39,developing
85,5,500,14,16,mastered
88,2,164,18,21,developing
98,3,594,13,13,mastered
80,8,816,17,20,developing
57,4,628,14,24,weak
62,7,728,14,24,weak
69,9,900,24,35,developing
36,2,232,6,14,weak
84,6,1212,17,21,developing
60,2,556,17,29,weak
70,3,579,26,36,developing
57,1,232,18,33,weak
45,5,1295,11,23,weak
100,2,200,23,23,mastered
73,9,1170,15,20,developing
79,1,212,29,38,developing
37,4,624,7,18,weak
82,1,125,23,28,developing
76,8,1128,20,27,developing
93,9,2511,21,23,mastered
70,7,1323,26,39,developing
46,8,1432,16,30,weak
100,7,1211,19,19,mastered
78,9,1548,14,19,developing
74,5,700,20,28,developing
60,5,1275,6,10,developing
31,2,306,11,30,weak
78,9,1611,8,10,developing
57,8,1280,8,14,weak
52,5,745,10,18,weak
88,3,810,31,37,developing
100,6,606,25,26,mastered
78,2,440,20,26,developing
74,5,665,7,10,developing
40,1,103,10,28,weak
74,8,1472,26,34,developing
82,3,345,26,31,developing
94,2,246,25,26,mastered
69,3,477,7,11,developing
67,5,1365,11,15,developing
90,7,1722,21,23,mastered
70,8,1328,27,38,developing
90,5,1160,29,33,mastered
61,3,528,6,10,developing
32,5,1325,7,22,weak
33,8,1688,10,27,weak
66,8,672,21,31,developing
97,3,525,23,23,mastered
61,5,995,25,38,developing
57,1,130,14,24,weak
60,8,1832,7,12,weak
93,6,1494,10,11,mastered
76,6,834,9,13,developing
57,2,546,14,25,weak
66,7,1337,20,29,developing
39,7,1134,12,29,weak
93,5,935,24,25,mastered
84,4,420,32,37,developing
64,5,1170,7,10,developing
85,4,528,10,12,developing
55,9,1512,11,21,weak
70,1,125,11,15,developing
75,3,558,29,38,developing
25,4,1144,7,32,weak
57,9,2610,9,14,weak
62,2,472,25,39,developing
76,1,271,28,37,developing
79,3,669,9,11,developing
73,2,392,24,33,developing
63,1,134,24,35,developing
83,7,826,11,13,developing
80,8,2328,18,23,developing
61,2,384,17,26,developing
73,1,138,24,32,developing
73,4,392,12,15,developing
55,4,648,10,18,weak
62,8,1288,14,23,developing
96,6,1302,18,18,mastered
59,4,424,7,11,weak
65,7,1603,19,27,developing
73,9,1683,12,16,developing
61,3,738,17,25,developing
49,3,780,18,39,weak
60,8,1864,11,18,weak
51,6,732,14,25,weak
35,1,169,10,26,weak
91,5,585,29,32,mastered
81,7,1505,26,31,developing
45,8,2248,7,15,weak
87,7,721,22,24,mastered
79,5,1005,20,26,developing
62,5,1155,22,34,developing
42,9,2025,12,26,weak
77,8,2112,21,28,developing
91,8,2376,13,14,mastered
88,3,240,24,28,mastered
59,8,1168,19,30,weak
64,1,147,24,37,developing
51,1,294,13,24,weak
42,6,792,15,37,weak
61,2,248,18,30,weak
98,6,798,31,32,mastered
86,6,1518,24,28,mastered
97,8,1552,24,24,mastered
63,7,812,14,23,developing
58,1,273,24,39,weak
67,5,700,23,34,developing
82,4,568,23,26,developing
87,1,278,32,36,mastered
70,9,1791,29,38,developing
89,9,1116,20,22,mastered
